rank	gene	ligand	variant_key	protein_change	ref1	alt1	position	sequence_found	sequence_length	sequence_source	sequence_header	reference_match	position_zone	wt_local_window	mut_local_window	protein_fate_effect_classes	motif_consequence	ngly_lost	ngly_created	cma_like_lost	cma_like_created	redocking_priority_class	top_pairwise_comparison	top_pairwise_abs_delta_af	top_pairwise_fdr_q	in_71c3_clean_redocking_panel	successful_71d3_redocking	failed_71d3_redocking	71d3_failure_reason	wt_vina_affinity_kcal_mol	mutant_vina_affinity_kcal_mol	delta_mutant_minus_wt_kcal_mol	predicted_direction	receptor_fate_ligand_aware_priority_score	receptor_pdb	docked_pose_source	pose_discovery_method	ligand_input_pdbqt	wt_receptor_pdbqt	mutant_receptor_pdb	mutant_receptor_pdbqt	wt_vina_log	mutant_vina_log	run_dir
2	HRH4	immepip	18:24477345:A:G	p.Tyr319Cys	Y	C	319	yes	390	07_reference_sequences/hrh_uniprot_human/HRH1_HRH2_HRH3_HRH4_human_uniprot_canonical.fasta	sp|Q9H3N8|HRH4_HUMAN Histamine H4 receptor OS=Homo sapiens OX=9606 GN=HRH4 PE=1 SV=2	yes	C_proximal_receptor_core	FAVCWAPYSLFTIVL	FAVCWAPCSLFTIVL	cysteine_disulfide_or_palmitoylation_proxy;phosphorylation_site_proxy	no_local_ngly_or_CMA_like_change_detected									no	yes	no		-8.785	-9.379	-0.594	mutant_stronger_predicted_binding	8.50	08_structures/experimental_templates/receptor_chain_pdb_repaired_from_cif/HRH4_8YNA_receptor_chain_R_from_cif.pdb	10_docking/vina_runs/Round_1_primary_docking/HRH4/HRH4_8YNA_HRH_LIG_0048_Round_1_primary_docking/docked_poses.pdbqt	scored_search_score_160	10_docking/mutant_redocking_v6_population_panel_pdbfixer/2_HRH4_immepip_18_24477345_A_G_p.Tyr319Cys/ligand_first_pose_input.pdbqt	10_docking/mutant_redocking_v6_population_panel_pdbfixer/2_HRH4_immepip_18_24477345_A_G_p.Tyr319Cys/wt_receptor.pdbqt	10_docking/mutant_redocking_v6_population_panel_pdbfixer/2_HRH4_immepip_18_24477345_A_G_p.Tyr319Cys/mutant_receptor_pdbfixer.pdb	10_docking/mutant_redocking_v6_population_panel_pdbfixer/2_HRH4_immepip_18_24477345_A_G_p.Tyr319Cys/mutant_receptor_pdbfixer.pdbqt	10_docking/mutant_redocking_v6_population_panel_pdbfixer/2_HRH4_immepip_18_24477345_A_G_p.Tyr319Cys/wt_redocking_vina.log	10_docking/mutant_redocking_v6_population_panel_pdbfixer/2_HRH4_immepip_18_24477345_A_G_p.Tyr319Cys/mutant_redocking_vina.log	10_docking/mutant_redocking_v6_population_panel_pdbfixer/2_HRH4_immepip_18_24477345_A_G_p.Tyr319Cys
1	HRH4	toreforant	18:24477345:A:G	p.Tyr319Cys	Y	C	319	yes	390	07_reference_sequences/hrh_uniprot_human/HRH1_HRH2_HRH3_HRH4_human_uniprot_canonical.fasta	sp|Q9H3N8|HRH4_HUMAN Histamine H4 receptor OS=Homo sapiens OX=9606 GN=HRH4 PE=1 SV=2	yes	C_proximal_receptor_core	FAVCWAPYSLFTIVL	FAVCWAPCSLFTIVL	cysteine_disulfide_or_palmitoylation_proxy;phosphorylation_site_proxy	no_local_ngly_or_CMA_like_change_detected									no	yes	no		-4.491	-4.249	0.242	mutant_weaker_predicted_binding	7.50	08_structures/experimental_templates/receptor_chain_pdb_repaired_from_cif/HRH4_8YNA_receptor_chain_R_from_cif.pdb	10_docking/vina_runs/Round_1_primary_docking/HRH4/HRH4_8YNA_HRH_LIG_0001_Round_1_primary_docking/docked_poses.pdbqt	scored_search_score_60	10_docking/mutant_redocking_v6_population_panel_pdbfixer/1_HRH4_toreforant_18_24477345_A_G_p.Tyr319Cys/ligand_first_pose_input.pdbqt	10_docking/mutant_redocking_v6_population_panel_pdbfixer/1_HRH4_toreforant_18_24477345_A_G_p.Tyr319Cys/wt_receptor.pdbqt	10_docking/mutant_redocking_v6_population_panel_pdbfixer/1_HRH4_toreforant_18_24477345_A_G_p.Tyr319Cys/mutant_receptor_pdbfixer.pdb	10_docking/mutant_redocking_v6_population_panel_pdbfixer/1_HRH4_toreforant_18_24477345_A_G_p.Tyr319Cys/mutant_receptor_pdbfixer.pdbqt	10_docking/mutant_redocking_v6_population_panel_pdbfixer/1_HRH4_toreforant_18_24477345_A_G_p.Tyr319Cys/wt_redocking_vina.log	10_docking/mutant_redocking_v6_population_panel_pdbfixer/1_HRH4_toreforant_18_24477345_A_G_p.Tyr319Cys/mutant_redocking_vina.log	10_docking/mutant_redocking_v6_population_panel_pdbfixer/1_HRH4_toreforant_18_24477345_A_G_p.Tyr319Cys
14	HRH4	JNJ7777120	18:24460903:A:G	p.Ile59Val	I	V	59	yes	390	07_reference_sequences/hrh_uniprot_human/HRH1_HRH2_HRH3_HRH4_human_uniprot_canonical.fasta	sp|Q9H3N8|HRH4_HUMAN Histamine H4 receptor OS=Homo sapiens OX=9606 GN=HRH4 PE=1 SV=2	yes	N_proximal_receptor_core	YFFLNLAISDFFVGV	YFFLNLAVSDFFVGV	hydrophobic_packing_proxy	no_local_ngly_or_CMA_like_change_detected									no	yes	no		-7.015	-5.241	1.774	mutant_weaker_predicted_binding	5.50	08_structures/experimental_templates/receptor_chain_pdb/HRH4_8YN9_receptor_chain_R.pdb	10_docking/vina_runs/Round_1_primary_docking/HRH4/HRH4_8YN9_HRH_LIG_0035_Round_1_primary_docking/docked_poses.pdbqt	scored_search_score_60	10_docking/mutant_redocking_v6_population_panel_pdbfixer/14_HRH4_JNJ7777120_18_24460903_A_G_p.Ile59Val/ligand_first_pose_input.pdbqt	10_docking/mutant_redocking_v6_population_panel_pdbfixer/14_HRH4_JNJ7777120_18_24460903_A_G_p.Ile59Val/wt_receptor.pdbqt	10_docking/mutant_redocking_v6_population_panel_pdbfixer/14_HRH4_JNJ7777120_18_24460903_A_G_p.Ile59Val/mutant_receptor_pdbfixer.pdb	10_docking/mutant_redocking_v6_population_panel_pdbfixer/14_HRH4_JNJ7777120_18_24460903_A_G_p.Ile59Val/mutant_receptor_pdbfixer.pdbqt	10_docking/mutant_redocking_v6_population_panel_pdbfixer/14_HRH4_JNJ7777120_18_24460903_A_G_p.Ile59Val/wt_redocking_vina.log	10_docking/mutant_redocking_v6_population_panel_pdbfixer/14_HRH4_JNJ7777120_18_24460903_A_G_p.Ile59Val/mutant_redocking_vina.log	10_docking/mutant_redocking_v6_population_panel_pdbfixer/14_HRH4_JNJ7777120_18_24460903_A_G_p.Ile59Val
16	HRH4	JNJ7777120	18:24468821:C:T	p.Thr76Met	T	M	76	yes	390	07_reference_sequences/hrh_uniprot_human/HRH1_HRH2_HRH3_HRH4_human_uniprot_canonical.fasta	sp|Q9H3N8|HRH4_HUMAN Histamine H4 receptor OS=Homo sapiens OX=9606 GN=HRH4 PE=1 SV=2	yes	N_proximal_receptor_core	IPLYIPHTLFEWDFG	IPLYIPHMLFEWDFG	N_glycosylation_context_possible;hydrophobic_packing_proxy;phosphorylation_site_proxy	no_local_ngly_or_CMA_like_change_detected									no	yes	no		-6.971	-7.097	-0.126	mutant_stronger_predicted_binding	3.50	08_structures/experimental_templates/receptor_chain_pdb/HRH4_8YN9_receptor_chain_R.pdb	10_docking/vina_runs/Round_1_primary_docking/HRH4/HRH4_8YN9_HRH_LIG_0035_Round_1_primary_docking/docked_poses.pdbqt	scored_search_score_60	10_docking/mutant_redocking_v6_population_panel_pdbfixer/16_HRH4_JNJ7777120_18_24468821_C_T_p.Thr76Met/ligand_first_pose_input.pdbqt	10_docking/mutant_redocking_v6_population_panel_pdbfixer/16_HRH4_JNJ7777120_18_24468821_C_T_p.Thr76Met/wt_receptor.pdbqt	10_docking/mutant_redocking_v6_population_panel_pdbfixer/16_HRH4_JNJ7777120_18_24468821_C_T_p.Thr76Met/mutant_receptor_pdbfixer.pdb	10_docking/mutant_redocking_v6_population_panel_pdbfixer/16_HRH4_JNJ7777120_18_24468821_C_T_p.Thr76Met/mutant_receptor_pdbfixer.pdbqt	10_docking/mutant_redocking_v6_population_panel_pdbfixer/16_HRH4_JNJ7777120_18_24468821_C_T_p.Thr76Met/wt_redocking_vina.log	10_docking/mutant_redocking_v6_population_panel_pdbfixer/16_HRH4_JNJ7777120_18_24468821_C_T_p.Thr76Met/mutant_redocking_vina.log	10_docking/mutant_redocking_v6_population_panel_pdbfixer/16_HRH4_JNJ7777120_18_24468821_C_T_p.Thr76Met
11	HRH4	toreforant	18:24477326:G:T	p.Ala313Ser	A	S	313	yes	390	07_reference_sequences/hrh_uniprot_human/HRH1_HRH2_HRH3_HRH4_human_uniprot_canonical.fasta	sp|Q9H3N8|HRH4_HUMAN Histamine H4 receptor OS=Homo sapiens OX=9606 GN=HRH4 PE=1 SV=2	yes	C_proximal_receptor_core	AILLGVFAVCWAPYS	AILLGVFSVCWAPYS	N_glycosylation_context_possible;phosphorylation_site_proxy	no_local_ngly_or_CMA_like_change_detected									no	yes	no		-4.487	-4.481	0.006	mutant_weaker_predicted_binding	3.50	08_structures/experimental_templates/receptor_chain_pdb_repaired_from_cif/HRH4_8YNA_receptor_chain_R_from_cif.pdb	10_docking/vina_runs/Round_1_primary_docking/HRH4/HRH4_8YNA_HRH_LIG_0001_Round_1_primary_docking/docked_poses.pdbqt	scored_search_score_60	10_docking/mutant_redocking_v6_population_panel_pdbfixer/11_HRH4_toreforant_18_24477326_G_T_p.Ala313Ser/ligand_first_pose_input.pdbqt	10_docking/mutant_redocking_v6_population_panel_pdbfixer/11_HRH4_toreforant_18_24477326_G_T_p.Ala313Ser/wt_receptor.pdbqt	10_docking/mutant_redocking_v6_population_panel_pdbfixer/11_HRH4_toreforant_18_24477326_G_T_p.Ala313Ser/mutant_receptor_pdbfixer.pdb	10_docking/mutant_redocking_v6_population_panel_pdbfixer/11_HRH4_toreforant_18_24477326_G_T_p.Ala313Ser/mutant_receptor_pdbfixer.pdbqt	10_docking/mutant_redocking_v6_population_panel_pdbfixer/11_HRH4_toreforant_18_24477326_G_T_p.Ala313Ser/wt_redocking_vina.log	10_docking/mutant_redocking_v6_population_panel_pdbfixer/11_HRH4_toreforant_18_24477326_G_T_p.Ala313Ser/mutant_redocking_vina.log	10_docking/mutant_redocking_v6_population_panel_pdbfixer/11_HRH4_toreforant_18_24477326_G_T_p.Ala313Ser
13	HRH4	toreforant	18:24476922:C:T	p.Thr178Ile	T	I	178	yes	390	07_reference_sequences/hrh_uniprot_human/HRH1_HRH2_HRH3_HRH4_human_uniprot_canonical.fasta	sp|Q9H3N8|HRH4_HUMAN Histamine H4 receptor OS=Homo sapiens OX=9606 GN=HRH4 PE=1 SV=2	yes	central_receptor_core	EWYILAITSFLEFVI	EWYILAIISFLEFVI	N_glycosylation_context_possible;hydrophobic_packing_proxy;phosphorylation_site_proxy	no_local_ngly_or_CMA_like_change_detected									no	yes	no		-4.226	-4.215	0.011	mutant_weaker_predicted_binding	3.50	08_structures/experimental_templates/receptor_chain_pdb/HRH4_8JXV_receptor_chain_R.pdb	10_docking/vina_runs/Round_1_primary_docking/HRH4/HRH4_8JXV_HRH_LIG_0001_Round_1_primary_docking/docked_poses.pdbqt	scored_search_score_60	10_docking/mutant_redocking_v6_population_panel_pdbfixer/13_HRH4_toreforant_18_24476922_C_T_p.Thr178Ile/ligand_first_pose_input.pdbqt	10_docking/mutant_redocking_v6_population_panel_pdbfixer/13_HRH4_toreforant_18_24476922_C_T_p.Thr178Ile/wt_receptor.pdbqt	10_docking/mutant_redocking_v6_population_panel_pdbfixer/13_HRH4_toreforant_18_24476922_C_T_p.Thr178Ile/mutant_receptor_pdbfixer.pdb	10_docking/mutant_redocking_v6_population_panel_pdbfixer/13_HRH4_toreforant_18_24476922_C_T_p.Thr178Ile/mutant_receptor_pdbfixer.pdbqt	10_docking/mutant_redocking_v6_population_panel_pdbfixer/13_HRH4_toreforant_18_24476922_C_T_p.Thr178Ile/wt_redocking_vina.log	10_docking/mutant_redocking_v6_population_panel_pdbfixer/13_HRH4_toreforant_18_24476922_C_T_p.Thr178Ile/mutant_redocking_vina.log	10_docking/mutant_redocking_v6_population_panel_pdbfixer/13_HRH4_toreforant_18_24476922_C_T_p.Thr178Ile
9	HRH4	toreforant	18:24468821:C:T	p.Thr76Met	T	M	76	yes	390	07_reference_sequences/hrh_uniprot_human/HRH1_HRH2_HRH3_HRH4_human_uniprot_canonical.fasta	sp|Q9H3N8|HRH4_HUMAN Histamine H4 receptor OS=Homo sapiens OX=9606 GN=HRH4 PE=1 SV=2	yes	N_proximal_receptor_core	IPLYIPHTLFEWDFG	IPLYIPHMLFEWDFG	N_glycosylation_context_possible;hydrophobic_packing_proxy;phosphorylation_site_proxy	no_local_ngly_or_CMA_like_change_detected									no	yes	no		-6.735	-6.928	-0.193	mutant_stronger_predicted_binding	3.50	08_structures/experimental_templates/receptor_chain_pdb/HRH4_8YN9_receptor_chain_R.pdb	10_docking/vina_runs/Round_1_primary_docking/HRH4/HRH4_8YN9_HRH_LIG_0046_Round_1_primary_docking/docked_poses.pdbqt	scored_search_score_160	10_docking/mutant_redocking_v6_population_panel_pdbfixer/9_HRH4_toreforant_18_24468821_C_T_p.Thr76Met/ligand_first_pose_input.pdbqt	10_docking/mutant_redocking_v6_population_panel_pdbfixer/9_HRH4_toreforant_18_24468821_C_T_p.Thr76Met/wt_receptor.pdbqt	10_docking/mutant_redocking_v6_population_panel_pdbfixer/9_HRH4_toreforant_18_24468821_C_T_p.Thr76Met/mutant_receptor_pdbfixer.pdb	10_docking/mutant_redocking_v6_population_panel_pdbfixer/9_HRH4_toreforant_18_24468821_C_T_p.Thr76Met/mutant_receptor_pdbfixer.pdbqt	10_docking/mutant_redocking_v6_population_panel_pdbfixer/9_HRH4_toreforant_18_24468821_C_T_p.Thr76Met/wt_redocking_vina.log	10_docking/mutant_redocking_v6_population_panel_pdbfixer/9_HRH4_toreforant_18_24468821_C_T_p.Thr76Met/mutant_redocking_vina.log	10_docking/mutant_redocking_v6_population_panel_pdbfixer/9_HRH4_toreforant_18_24468821_C_T_p.Thr76Met
5	HRH4	adriforant	18:24468857:T:G	p.Val88Gly	V	G	88	yes	390	07_reference_sequences/hrh_uniprot_human/HRH1_HRH2_HRH3_HRH4_human_uniprot_canonical.fasta	sp|Q9H3N8|HRH4_HUMAN Histamine H4 receptor OS=Homo sapiens OX=9606 GN=HRH4 PE=1 SV=2	yes	N_proximal_receptor_core	DFGKEICVFWLTTDY	DFGKEICGFWLTTDY	glycine_flexibility_proxy;hydrophobic_packing_proxy	no_local_ngly_or_CMA_like_change_detected									no	yes	no		-8.781	-8.697	0.084	mutant_weaker_predicted_binding	3.00	08_structures/experimental_templates/receptor_chain_pdb_repaired_from_cif/HRH4_9JG1_receptor_chain_R_from_cif.pdb	10_docking/vina_runs/Round_1_primary_docking/HRH4/HRH4_9JG1_HRH_LIG_0048_Round_1_primary_docking/docked_poses.pdbqt	scored_search_score_160	10_docking/mutant_redocking_v6_population_panel_pdbfixer/5_HRH4_adriforant_18_24468857_T_G_p.Val88Gly/ligand_first_pose_input.pdbqt	10_docking/mutant_redocking_v6_population_panel_pdbfixer/5_HRH4_adriforant_18_24468857_T_G_p.Val88Gly/wt_receptor.pdbqt	10_docking/mutant_redocking_v6_population_panel_pdbfixer/5_HRH4_adriforant_18_24468857_T_G_p.Val88Gly/mutant_receptor_pdbfixer.pdb	10_docking/mutant_redocking_v6_population_panel_pdbfixer/5_HRH4_adriforant_18_24468857_T_G_p.Val88Gly/mutant_receptor_pdbfixer.pdbqt	10_docking/mutant_redocking_v6_population_panel_pdbfixer/5_HRH4_adriforant_18_24468857_T_G_p.Val88Gly/wt_redocking_vina.log	10_docking/mutant_redocking_v6_population_panel_pdbfixer/5_HRH4_adriforant_18_24468857_T_G_p.Val88Gly/mutant_redocking_vina.log	10_docking/mutant_redocking_v6_population_panel_pdbfixer/5_HRH4_adriforant_18_24468857_T_G_p.Val88Gly
10	HRH4	toreforant	18:24477390:G:T	p.Gly334Val	G	V	334	yes	390	07_reference_sequences/hrh_uniprot_human/HRH1_HRH2_HRH3_HRH4_human_uniprot_canonical.fasta	sp|Q9H3N8|HRH4_HUMAN Histamine H4 receptor OS=Homo sapiens OX=9606 GN=HRH4 PE=1 SV=2	yes	C_terminal_region	SFYSSATGPKSVWYR	SFYSSATVPKSVWYR	glycine_flexibility_proxy;hydrophobic_packing_proxy	no_local_ngly_or_CMA_like_change_detected									no	yes	no		-7.455	-7.491	-0.036	mutant_stronger_predicted_binding	3.00	08_structures/experimental_templates/receptor_chain_pdb/HRH4_9JED_receptor_chain_R.pdb	10_docking/vina_runs/Round_1_primary_docking/HRH4/HRH4_9JED_HRH_LIG_0035_Round_1_primary_docking/docked_poses.pdbqt	scored_search_score_60	10_docking/mutant_redocking_v6_population_panel_pdbfixer/10_HRH4_toreforant_18_24477390_G_T_p.Gly334Val/ligand_first_pose_input.pdbqt	10_docking/mutant_redocking_v6_population_panel_pdbfixer/10_HRH4_toreforant_18_24477390_G_T_p.Gly334Val/wt_receptor.pdbqt	10_docking/mutant_redocking_v6_population_panel_pdbfixer/10_HRH4_toreforant_18_24477390_G_T_p.Gly334Val/mutant_receptor_pdbfixer.pdb	10_docking/mutant_redocking_v6_population_panel_pdbfixer/10_HRH4_toreforant_18_24477390_G_T_p.Gly334Val/mutant_receptor_pdbfixer.pdbqt	10_docking/mutant_redocking_v6_population_panel_pdbfixer/10_HRH4_toreforant_18_24477390_G_T_p.Gly334Val/wt_redocking_vina.log	10_docking/mutant_redocking_v6_population_panel_pdbfixer/10_HRH4_toreforant_18_24477390_G_T_p.Gly334Val/mutant_redocking_vina.log	10_docking/mutant_redocking_v6_population_panel_pdbfixer/10_HRH4_toreforant_18_24477390_G_T_p.Gly334Val
4	HRH4	toreforant	18:24468857:T:G	p.Val88Gly	V	G	88	yes	390	07_reference_sequences/hrh_uniprot_human/HRH1_HRH2_HRH3_HRH4_human_uniprot_canonical.fasta	sp|Q9H3N8|HRH4_HUMAN Histamine H4 receptor OS=Homo sapiens OX=9606 GN=HRH4 PE=1 SV=2	yes	N_proximal_receptor_core	DFGKEICVFWLTTDY	DFGKEICGFWLTTDY	glycine_flexibility_proxy;hydrophobic_packing_proxy	no_local_ngly_or_CMA_like_change_detected									no	yes	no		-4.303	-4.220	0.083	mutant_weaker_predicted_binding	3.00	08_structures/experimental_templates/receptor_chain_pdb_repaired_from_cif/HRH4_9JG1_receptor_chain_R_from_cif.pdb	10_docking/vina_runs/Round_1_primary_docking/HRH4/HRH4_9JG1_HRH_LIG_0001_Round_1_primary_docking/docked_poses.pdbqt	scored_search_score_60	10_docking/mutant_redocking_v6_population_panel_pdbfixer/4_HRH4_toreforant_18_24468857_T_G_p.Val88Gly/ligand_first_pose_input.pdbqt	10_docking/mutant_redocking_v6_population_panel_pdbfixer/4_HRH4_toreforant_18_24468857_T_G_p.Val88Gly/wt_receptor.pdbqt	10_docking/mutant_redocking_v6_population_panel_pdbfixer/4_HRH4_toreforant_18_24468857_T_G_p.Val88Gly/mutant_receptor_pdbfixer.pdb	10_docking/mutant_redocking_v6_population_panel_pdbfixer/4_HRH4_toreforant_18_24468857_T_G_p.Val88Gly/mutant_receptor_pdbfixer.pdbqt	10_docking/mutant_redocking_v6_population_panel_pdbfixer/4_HRH4_toreforant_18_24468857_T_G_p.Val88Gly/wt_redocking_vina.log	10_docking/mutant_redocking_v6_population_panel_pdbfixer/4_HRH4_toreforant_18_24468857_T_G_p.Val88Gly/mutant_redocking_vina.log	10_docking/mutant_redocking_v6_population_panel_pdbfixer/4_HRH4_toreforant_18_24468857_T_G_p.Val88Gly
6	HRH4	adriforant	18:24476802:C:T	p.Ala138Val	A	V	138	yes	390	07_reference_sequences/hrh_uniprot_human/HRH1_HRH2_HRH3_HRH4_human_uniprot_canonical.fasta	sp|Q9H3N8|HRH4_HUMAN Histamine H4 receptor OS=Homo sapiens OX=9606 GN=HRH4 PE=1 SV=2	yes	central_receptor_core	KIVTLMVAVWVLAFL	KIVTLMVVVWVLAFL	hydrophobic_packing_proxy	no_local_ngly_or_CMA_like_change_detected									no	yes	no		-8.766	-8.728	0.038	mutant_weaker_predicted_binding	2.00	08_structures/experimental_templates/receptor_chain_pdb_repaired_from_cif/HRH4_9JG1_receptor_chain_R_from_cif.pdb	10_docking/vina_runs/Round_1_primary_docking/HRH4/HRH4_9JG1_HRH_LIG_0048_Round_1_primary_docking/docked_poses.pdbqt	scored_search_score_160	10_docking/mutant_redocking_v6_population_panel_pdbfixer/6_HRH4_adriforant_18_24476802_C_T_p.Ala138Val/ligand_first_pose_input.pdbqt	10_docking/mutant_redocking_v6_population_panel_pdbfixer/6_HRH4_adriforant_18_24476802_C_T_p.Ala138Val/wt_receptor.pdbqt	10_docking/mutant_redocking_v6_population_panel_pdbfixer/6_HRH4_adriforant_18_24476802_C_T_p.Ala138Val/mutant_receptor_pdbfixer.pdb	10_docking/mutant_redocking_v6_population_panel_pdbfixer/6_HRH4_adriforant_18_24476802_C_T_p.Ala138Val/mutant_receptor_pdbfixer.pdbqt	10_docking/mutant_redocking_v6_population_panel_pdbfixer/6_HRH4_adriforant_18_24476802_C_T_p.Ala138Val/wt_redocking_vina.log	10_docking/mutant_redocking_v6_population_panel_pdbfixer/6_HRH4_adriforant_18_24476802_C_T_p.Ala138Val/mutant_redocking_vina.log	10_docking/mutant_redocking_v6_population_panel_pdbfixer/6_HRH4_adriforant_18_24476802_C_T_p.Ala138Val
8	HRH4	toreforant	18:24460898:T:G	p.Leu57Trp	L	W	57	yes	390	07_reference_sequences/hrh_uniprot_human/HRH1_HRH2_HRH3_HRH4_human_uniprot_canonical.fasta	sp|Q9H3N8|HRH4_HUMAN Histamine H4 receptor OS=Homo sapiens OX=9606 GN=HRH4 PE=1 SV=2	yes	N_proximal_receptor_core	SSYFFLNLAISDFFV	SSYFFLNWAISDFFV	hydrophobic_packing_proxy	no_local_ngly_or_CMA_like_change_detected									no	yes	no		-4.072	-4.049	0.023	mutant_weaker_predicted_binding	2.00	08_structures/experimental_templates/receptor_chain_pdb/HRH4_8HOC_receptor_chain_R.pdb	10_docking/vina_runs/Round_0_redocking_validation/HRH4/HRH4_8JXT_HRH_LIG_0001_Round_0_redocking_validation/docked_poses.pdbqt	direct_text_path	10_docking/mutant_redocking_v6_population_panel_pdbfixer/8_HRH4_toreforant_18_24460898_T_G_p.Leu57Trp/ligand_first_pose_input.pdbqt	10_docking/mutant_redocking_v6_population_panel_pdbfixer/8_HRH4_toreforant_18_24460898_T_G_p.Leu57Trp/wt_receptor.pdbqt	10_docking/mutant_redocking_v6_population_panel_pdbfixer/8_HRH4_toreforant_18_24460898_T_G_p.Leu57Trp/mutant_receptor_pdbfixer.pdb	10_docking/mutant_redocking_v6_population_panel_pdbfixer/8_HRH4_toreforant_18_24460898_T_G_p.Leu57Trp/mutant_receptor_pdbfixer.pdbqt	10_docking/mutant_redocking_v6_population_panel_pdbfixer/8_HRH4_toreforant_18_24460898_T_G_p.Leu57Trp/wt_redocking_vina.log	10_docking/mutant_redocking_v6_population_panel_pdbfixer/8_HRH4_toreforant_18_24460898_T_G_p.Leu57Trp/mutant_redocking_vina.log	10_docking/mutant_redocking_v6_population_panel_pdbfixer/8_HRH4_toreforant_18_24460898_T_G_p.Leu57Trp
15	HRH4	ZPL389	18:24460898:T:G	p.Leu57Trp	L	W	57	yes	390	07_reference_sequences/hrh_uniprot_human/HRH1_HRH2_HRH3_HRH4_human_uniprot_canonical.fasta	sp|Q9H3N8|HRH4_HUMAN Histamine H4 receptor OS=Homo sapiens OX=9606 GN=HRH4 PE=1 SV=2	yes	N_proximal_receptor_core	SSYFFLNLAISDFFV	SSYFFLNWAISDFFV	hydrophobic_packing_proxy	no_local_ngly_or_CMA_like_change_detected									no	yes	no		-6.419	-6.419	0.000	no_predicted_affinity_difference	1.50	08_structures/experimental_templates/receptor_chain_pdb/HRH4_8HOC_receptor_chain_R.pdb	10_docking/vina_runs/Round_1_primary_docking/HRH4/HRH4_8HOC_HRH_LIG_0035_Round_1_primary_docking/docked_poses.pdbqt	scored_search_score_60	10_docking/mutant_redocking_v6_population_panel_pdbfixer/15_HRH4_ZPL389_18_24460898_T_G_p.Leu57Trp/ligand_first_pose_input.pdbqt	10_docking/mutant_redocking_v6_population_panel_pdbfixer/15_HRH4_ZPL389_18_24460898_T_G_p.Leu57Trp/wt_receptor.pdbqt	10_docking/mutant_redocking_v6_population_panel_pdbfixer/15_HRH4_ZPL389_18_24460898_T_G_p.Leu57Trp/mutant_receptor_pdbfixer.pdb	10_docking/mutant_redocking_v6_population_panel_pdbfixer/15_HRH4_ZPL389_18_24460898_T_G_p.Leu57Trp/mutant_receptor_pdbfixer.pdbqt	10_docking/mutant_redocking_v6_population_panel_pdbfixer/15_HRH4_ZPL389_18_24460898_T_G_p.Leu57Trp/wt_redocking_vina.log	10_docking/mutant_redocking_v6_population_panel_pdbfixer/15_HRH4_ZPL389_18_24460898_T_G_p.Leu57Trp/mutant_redocking_vina.log	10_docking/mutant_redocking_v6_population_panel_pdbfixer/15_HRH4_ZPL389_18_24460898_T_G_p.Leu57Trp
3	HRH4	toreforant	18:24476802:C:T	p.Ala138Val	A	V	138	yes	390	07_reference_sequences/hrh_uniprot_human/HRH1_HRH2_HRH3_HRH4_human_uniprot_canonical.fasta	sp|Q9H3N8|HRH4_HUMAN Histamine H4 receptor OS=Homo sapiens OX=9606 GN=HRH4 PE=1 SV=2	yes	central_receptor_core	KIVTLMVAVWVLAFL	KIVTLMVVVWVLAFL	hydrophobic_packing_proxy	no_local_ngly_or_CMA_like_change_detected									no	yes	no		-4.292	-4.292	0.000	no_predicted_affinity_difference	1.50	08_structures/experimental_templates/receptor_chain_pdb_repaired_from_cif/HRH4_9JG1_receptor_chain_R_from_cif.pdb	10_docking/vina_runs/Round_1_primary_docking/HRH4/HRH4_9JG1_HRH_LIG_0001_Round_1_primary_docking/docked_poses.pdbqt	scored_search_score_60	10_docking/mutant_redocking_v6_population_panel_pdbfixer/3_HRH4_toreforant_18_24476802_C_T_p.Ala138Val/ligand_first_pose_input.pdbqt	10_docking/mutant_redocking_v6_population_panel_pdbfixer/3_HRH4_toreforant_18_24476802_C_T_p.Ala138Val/wt_receptor.pdbqt	10_docking/mutant_redocking_v6_population_panel_pdbfixer/3_HRH4_toreforant_18_24476802_C_T_p.Ala138Val/mutant_receptor_pdbfixer.pdb	10_docking/mutant_redocking_v6_population_panel_pdbfixer/3_HRH4_toreforant_18_24476802_C_T_p.Ala138Val/mutant_receptor_pdbfixer.pdbqt	10_docking/mutant_redocking_v6_population_panel_pdbfixer/3_HRH4_toreforant_18_24476802_C_T_p.Ala138Val/wt_redocking_vina.log	10_docking/mutant_redocking_v6_population_panel_pdbfixer/3_HRH4_toreforant_18_24476802_C_T_p.Ala138Val/mutant_redocking_vina.log	10_docking/mutant_redocking_v6_population_panel_pdbfixer/3_HRH4_toreforant_18_24476802_C_T_p.Ala138Val
7	HRH4	toreforant	18:24476795:A:T	p.Met136Leu	M	L	136	yes	390	07_reference_sequences/hrh_uniprot_human/HRH1_HRH2_HRH3_HRH4_human_uniprot_canonical.fasta	sp|Q9H3N8|HRH4_HUMAN Histamine H4 receptor OS=Homo sapiens OX=9606 GN=HRH4 PE=1 SV=2	yes	central_receptor_core	VLKIVTLMVAVWVLA	VLKIVTLLVAVWVLA	hydrophobic_packing_proxy	no_local_ngly_or_CMA_like_change_detected									no	yes	no		-4.302	-4.302	0.000	no_predicted_affinity_difference	1.50	08_structures/experimental_templates/receptor_chain_pdb_repaired_from_cif/HRH4_9JG1_receptor_chain_R_from_cif.pdb	10_docking/vina_runs/Round_1_primary_docking/HRH4/HRH4_9JG1_HRH_LIG_0001_Round_1_primary_docking/docked_poses.pdbqt	scored_search_score_60	10_docking/mutant_redocking_v6_population_panel_pdbfixer/7_HRH4_toreforant_18_24476795_A_T_p.Met136Leu/ligand_first_pose_input.pdbqt	10_docking/mutant_redocking_v6_population_panel_pdbfixer/7_HRH4_toreforant_18_24476795_A_T_p.Met136Leu/wt_receptor.pdbqt	10_docking/mutant_redocking_v6_population_panel_pdbfixer/7_HRH4_toreforant_18_24476795_A_T_p.Met136Leu/mutant_receptor_pdbfixer.pdb	10_docking/mutant_redocking_v6_population_panel_pdbfixer/7_HRH4_toreforant_18_24476795_A_T_p.Met136Leu/mutant_receptor_pdbfixer.pdbqt	10_docking/mutant_redocking_v6_population_panel_pdbfixer/7_HRH4_toreforant_18_24476795_A_T_p.Met136Leu/wt_redocking_vina.log	10_docking/mutant_redocking_v6_population_panel_pdbfixer/7_HRH4_toreforant_18_24476795_A_T_p.Met136Leu/mutant_redocking_vina.log	10_docking/mutant_redocking_v6_population_panel_pdbfixer/7_HRH4_toreforant_18_24476795_A_T_p.Met136Leu
12	HRH4	toreforant	18:24477323:T:G	p.Phe312Val	F	V	312	yes	390	07_reference_sequences/hrh_uniprot_human/HRH1_HRH2_HRH3_HRH4_human_uniprot_canonical.fasta	sp|Q9H3N8|HRH4_HUMAN Histamine H4 receptor OS=Homo sapiens OX=9606 GN=HRH4 PE=1 SV=2	yes	C_proximal_receptor_core	LAILLGVFAVCWAPY	LAILLGVVAVCWAPY	hydrophobic_packing_proxy	no_local_ngly_or_CMA_like_change_detected									no	no	yes	target_residue_number_not_found					0.00										10_docking/mutant_redocking_v6_population_panel_pdbfixer/12_HRH4_toreforant_18_24477323_T_G_p.Phe312Val
