rank	gene	ligand	variant_key	protein_change	ref3	alt3	position	chain_hint	chain_used	residue_id_used	pdbfixer_mutation_string	pdbfixer_note	redocking_priority_class	top_pairwise_comparison	top_pairwise_abs_delta_af	top_pairwise_fdr_q	receptor_pdb	docked_pose_source	pose_discovery_method	wt_vina_affinity_kcal_mol	mutant_vina_affinity_kcal_mol	delta_mutant_minus_wt_kcal_mol	predicted_direction	ligand_input_pdbqt	wt_receptor_pdbqt	mutant_receptor_pdb	mutant_receptor_pdbqt	wt_vina_log	mutant_vina_log	run_dir
1	HRH4	toreforant	18:24477345:A:G	p.Tyr319Cys	TYR	CYS	319	R	R	319	TYR-319-CYS	ok					08_structures/experimental_templates/receptor_chain_pdb_repaired_from_cif/HRH4_8YNA_receptor_chain_R_from_cif.pdb	10_docking/vina_runs/Round_1_primary_docking/HRH4/HRH4_8YNA_HRH_LIG_0001_Round_1_primary_docking/docked_poses.pdbqt	scored_search_score_60	-4.491	-4.249	0.242	mutant_weaker_predicted_binding	10_docking/mutant_redocking_v6_population_panel_pdbfixer/1_HRH4_toreforant_18_24477345_A_G_p.Tyr319Cys/ligand_first_pose_input.pdbqt	10_docking/mutant_redocking_v6_population_panel_pdbfixer/1_HRH4_toreforant_18_24477345_A_G_p.Tyr319Cys/wt_receptor.pdbqt	10_docking/mutant_redocking_v6_population_panel_pdbfixer/1_HRH4_toreforant_18_24477345_A_G_p.Tyr319Cys/mutant_receptor_pdbfixer.pdb	10_docking/mutant_redocking_v6_population_panel_pdbfixer/1_HRH4_toreforant_18_24477345_A_G_p.Tyr319Cys/mutant_receptor_pdbfixer.pdbqt	10_docking/mutant_redocking_v6_population_panel_pdbfixer/1_HRH4_toreforant_18_24477345_A_G_p.Tyr319Cys/wt_redocking_vina.log	10_docking/mutant_redocking_v6_population_panel_pdbfixer/1_HRH4_toreforant_18_24477345_A_G_p.Tyr319Cys/mutant_redocking_vina.log	10_docking/mutant_redocking_v6_population_panel_pdbfixer/1_HRH4_toreforant_18_24477345_A_G_p.Tyr319Cys
2	HRH4	immepip	18:24477345:A:G	p.Tyr319Cys	TYR	CYS	319	p	R	319	TYR-319-CYS	ok					08_structures/experimental_templates/receptor_chain_pdb_repaired_from_cif/HRH4_8YNA_receptor_chain_R_from_cif.pdb	10_docking/vina_runs/Round_1_primary_docking/HRH4/HRH4_8YNA_HRH_LIG_0048_Round_1_primary_docking/docked_poses.pdbqt	scored_search_score_160	-8.785	-9.379	-0.594	mutant_stronger_predicted_binding	10_docking/mutant_redocking_v6_population_panel_pdbfixer/2_HRH4_immepip_18_24477345_A_G_p.Tyr319Cys/ligand_first_pose_input.pdbqt	10_docking/mutant_redocking_v6_population_panel_pdbfixer/2_HRH4_immepip_18_24477345_A_G_p.Tyr319Cys/wt_receptor.pdbqt	10_docking/mutant_redocking_v6_population_panel_pdbfixer/2_HRH4_immepip_18_24477345_A_G_p.Tyr319Cys/mutant_receptor_pdbfixer.pdb	10_docking/mutant_redocking_v6_population_panel_pdbfixer/2_HRH4_immepip_18_24477345_A_G_p.Tyr319Cys/mutant_receptor_pdbfixer.pdbqt	10_docking/mutant_redocking_v6_population_panel_pdbfixer/2_HRH4_immepip_18_24477345_A_G_p.Tyr319Cys/wt_redocking_vina.log	10_docking/mutant_redocking_v6_population_panel_pdbfixer/2_HRH4_immepip_18_24477345_A_G_p.Tyr319Cys/mutant_redocking_vina.log	10_docking/mutant_redocking_v6_population_panel_pdbfixer/2_HRH4_immepip_18_24477345_A_G_p.Tyr319Cys
3	HRH4	toreforant	18:24476802:C:T	p.Ala138Val	ALA	VAL	138	R	R	138	ALA-138-VAL	ok					08_structures/experimental_templates/receptor_chain_pdb_repaired_from_cif/HRH4_9JG1_receptor_chain_R_from_cif.pdb	10_docking/vina_runs/Round_1_primary_docking/HRH4/HRH4_9JG1_HRH_LIG_0001_Round_1_primary_docking/docked_poses.pdbqt	scored_search_score_60	-4.292	-4.292	0.000	no_predicted_affinity_difference	10_docking/mutant_redocking_v6_population_panel_pdbfixer/3_HRH4_toreforant_18_24476802_C_T_p.Ala138Val/ligand_first_pose_input.pdbqt	10_docking/mutant_redocking_v6_population_panel_pdbfixer/3_HRH4_toreforant_18_24476802_C_T_p.Ala138Val/wt_receptor.pdbqt	10_docking/mutant_redocking_v6_population_panel_pdbfixer/3_HRH4_toreforant_18_24476802_C_T_p.Ala138Val/mutant_receptor_pdbfixer.pdb	10_docking/mutant_redocking_v6_population_panel_pdbfixer/3_HRH4_toreforant_18_24476802_C_T_p.Ala138Val/mutant_receptor_pdbfixer.pdbqt	10_docking/mutant_redocking_v6_population_panel_pdbfixer/3_HRH4_toreforant_18_24476802_C_T_p.Ala138Val/wt_redocking_vina.log	10_docking/mutant_redocking_v6_population_panel_pdbfixer/3_HRH4_toreforant_18_24476802_C_T_p.Ala138Val/mutant_redocking_vina.log	10_docking/mutant_redocking_v6_population_panel_pdbfixer/3_HRH4_toreforant_18_24476802_C_T_p.Ala138Val
4	HRH4	toreforant	18:24468857:T:G	p.Val88Gly	VAL	GLY	88	R	R	88	VAL-88-GLY	ok					08_structures/experimental_templates/receptor_chain_pdb_repaired_from_cif/HRH4_9JG1_receptor_chain_R_from_cif.pdb	10_docking/vina_runs/Round_1_primary_docking/HRH4/HRH4_9JG1_HRH_LIG_0001_Round_1_primary_docking/docked_poses.pdbqt	scored_search_score_60	-4.303	-4.220	0.083	mutant_weaker_predicted_binding	10_docking/mutant_redocking_v6_population_panel_pdbfixer/4_HRH4_toreforant_18_24468857_T_G_p.Val88Gly/ligand_first_pose_input.pdbqt	10_docking/mutant_redocking_v6_population_panel_pdbfixer/4_HRH4_toreforant_18_24468857_T_G_p.Val88Gly/wt_receptor.pdbqt	10_docking/mutant_redocking_v6_population_panel_pdbfixer/4_HRH4_toreforant_18_24468857_T_G_p.Val88Gly/mutant_receptor_pdbfixer.pdb	10_docking/mutant_redocking_v6_population_panel_pdbfixer/4_HRH4_toreforant_18_24468857_T_G_p.Val88Gly/mutant_receptor_pdbfixer.pdbqt	10_docking/mutant_redocking_v6_population_panel_pdbfixer/4_HRH4_toreforant_18_24468857_T_G_p.Val88Gly/wt_redocking_vina.log	10_docking/mutant_redocking_v6_population_panel_pdbfixer/4_HRH4_toreforant_18_24468857_T_G_p.Val88Gly/mutant_redocking_vina.log	10_docking/mutant_redocking_v6_population_panel_pdbfixer/4_HRH4_toreforant_18_24468857_T_G_p.Val88Gly
5	HRH4	adriforant	18:24468857:T:G	p.Val88Gly	VAL	GLY	88	p	R	88	VAL-88-GLY	ok					08_structures/experimental_templates/receptor_chain_pdb_repaired_from_cif/HRH4_9JG1_receptor_chain_R_from_cif.pdb	10_docking/vina_runs/Round_1_primary_docking/HRH4/HRH4_9JG1_HRH_LIG_0048_Round_1_primary_docking/docked_poses.pdbqt	scored_search_score_160	-8.781	-8.697	0.084	mutant_weaker_predicted_binding	10_docking/mutant_redocking_v6_population_panel_pdbfixer/5_HRH4_adriforant_18_24468857_T_G_p.Val88Gly/ligand_first_pose_input.pdbqt	10_docking/mutant_redocking_v6_population_panel_pdbfixer/5_HRH4_adriforant_18_24468857_T_G_p.Val88Gly/wt_receptor.pdbqt	10_docking/mutant_redocking_v6_population_panel_pdbfixer/5_HRH4_adriforant_18_24468857_T_G_p.Val88Gly/mutant_receptor_pdbfixer.pdb	10_docking/mutant_redocking_v6_population_panel_pdbfixer/5_HRH4_adriforant_18_24468857_T_G_p.Val88Gly/mutant_receptor_pdbfixer.pdbqt	10_docking/mutant_redocking_v6_population_panel_pdbfixer/5_HRH4_adriforant_18_24468857_T_G_p.Val88Gly/wt_redocking_vina.log	10_docking/mutant_redocking_v6_population_panel_pdbfixer/5_HRH4_adriforant_18_24468857_T_G_p.Val88Gly/mutant_redocking_vina.log	10_docking/mutant_redocking_v6_population_panel_pdbfixer/5_HRH4_adriforant_18_24468857_T_G_p.Val88Gly
6	HRH4	adriforant	18:24476802:C:T	p.Ala138Val	ALA	VAL	138	p	R	138	ALA-138-VAL	ok					08_structures/experimental_templates/receptor_chain_pdb_repaired_from_cif/HRH4_9JG1_receptor_chain_R_from_cif.pdb	10_docking/vina_runs/Round_1_primary_docking/HRH4/HRH4_9JG1_HRH_LIG_0048_Round_1_primary_docking/docked_poses.pdbqt	scored_search_score_160	-8.766	-8.728	0.038	mutant_weaker_predicted_binding	10_docking/mutant_redocking_v6_population_panel_pdbfixer/6_HRH4_adriforant_18_24476802_C_T_p.Ala138Val/ligand_first_pose_input.pdbqt	10_docking/mutant_redocking_v6_population_panel_pdbfixer/6_HRH4_adriforant_18_24476802_C_T_p.Ala138Val/wt_receptor.pdbqt	10_docking/mutant_redocking_v6_population_panel_pdbfixer/6_HRH4_adriforant_18_24476802_C_T_p.Ala138Val/mutant_receptor_pdbfixer.pdb	10_docking/mutant_redocking_v6_population_panel_pdbfixer/6_HRH4_adriforant_18_24476802_C_T_p.Ala138Val/mutant_receptor_pdbfixer.pdbqt	10_docking/mutant_redocking_v6_population_panel_pdbfixer/6_HRH4_adriforant_18_24476802_C_T_p.Ala138Val/wt_redocking_vina.log	10_docking/mutant_redocking_v6_population_panel_pdbfixer/6_HRH4_adriforant_18_24476802_C_T_p.Ala138Val/mutant_redocking_vina.log	10_docking/mutant_redocking_v6_population_panel_pdbfixer/6_HRH4_adriforant_18_24476802_C_T_p.Ala138Val
7	HRH4	toreforant	18:24476795:A:T	p.Met136Leu	MET	LEU	136	R	R	136	MET-136-LEU	ok					08_structures/experimental_templates/receptor_chain_pdb_repaired_from_cif/HRH4_9JG1_receptor_chain_R_from_cif.pdb	10_docking/vina_runs/Round_1_primary_docking/HRH4/HRH4_9JG1_HRH_LIG_0001_Round_1_primary_docking/docked_poses.pdbqt	scored_search_score_60	-4.302	-4.302	0.000	no_predicted_affinity_difference	10_docking/mutant_redocking_v6_population_panel_pdbfixer/7_HRH4_toreforant_18_24476795_A_T_p.Met136Leu/ligand_first_pose_input.pdbqt	10_docking/mutant_redocking_v6_population_panel_pdbfixer/7_HRH4_toreforant_18_24476795_A_T_p.Met136Leu/wt_receptor.pdbqt	10_docking/mutant_redocking_v6_population_panel_pdbfixer/7_HRH4_toreforant_18_24476795_A_T_p.Met136Leu/mutant_receptor_pdbfixer.pdb	10_docking/mutant_redocking_v6_population_panel_pdbfixer/7_HRH4_toreforant_18_24476795_A_T_p.Met136Leu/mutant_receptor_pdbfixer.pdbqt	10_docking/mutant_redocking_v6_population_panel_pdbfixer/7_HRH4_toreforant_18_24476795_A_T_p.Met136Leu/wt_redocking_vina.log	10_docking/mutant_redocking_v6_population_panel_pdbfixer/7_HRH4_toreforant_18_24476795_A_T_p.Met136Leu/mutant_redocking_vina.log	10_docking/mutant_redocking_v6_population_panel_pdbfixer/7_HRH4_toreforant_18_24476795_A_T_p.Met136Leu
8	HRH4	toreforant	18:24460898:T:G	p.Leu57Trp	LEU	TRP	57	R	R	57	LEU-57-TRP	ok					08_structures/experimental_templates/receptor_chain_pdb/HRH4_8HOC_receptor_chain_R.pdb	10_docking/vina_runs/Round_0_redocking_validation/HRH4/HRH4_8JXT_HRH_LIG_0001_Round_0_redocking_validation/docked_poses.pdbqt	direct_text_path	-4.072	-4.049	0.023	mutant_weaker_predicted_binding	10_docking/mutant_redocking_v6_population_panel_pdbfixer/8_HRH4_toreforant_18_24460898_T_G_p.Leu57Trp/ligand_first_pose_input.pdbqt	10_docking/mutant_redocking_v6_population_panel_pdbfixer/8_HRH4_toreforant_18_24460898_T_G_p.Leu57Trp/wt_receptor.pdbqt	10_docking/mutant_redocking_v6_population_panel_pdbfixer/8_HRH4_toreforant_18_24460898_T_G_p.Leu57Trp/mutant_receptor_pdbfixer.pdb	10_docking/mutant_redocking_v6_population_panel_pdbfixer/8_HRH4_toreforant_18_24460898_T_G_p.Leu57Trp/mutant_receptor_pdbfixer.pdbqt	10_docking/mutant_redocking_v6_population_panel_pdbfixer/8_HRH4_toreforant_18_24460898_T_G_p.Leu57Trp/wt_redocking_vina.log	10_docking/mutant_redocking_v6_population_panel_pdbfixer/8_HRH4_toreforant_18_24460898_T_G_p.Leu57Trp/mutant_redocking_vina.log	10_docking/mutant_redocking_v6_population_panel_pdbfixer/8_HRH4_toreforant_18_24460898_T_G_p.Leu57Trp
9	HRH4	toreforant	18:24468821:C:T	p.Thr76Met	THR	MET	76	p	R	76	THR-76-MET	ok					08_structures/experimental_templates/receptor_chain_pdb/HRH4_8YN9_receptor_chain_R.pdb	10_docking/vina_runs/Round_1_primary_docking/HRH4/HRH4_8YN9_HRH_LIG_0046_Round_1_primary_docking/docked_poses.pdbqt	scored_search_score_160	-6.735	-6.928	-0.193	mutant_stronger_predicted_binding	10_docking/mutant_redocking_v6_population_panel_pdbfixer/9_HRH4_toreforant_18_24468821_C_T_p.Thr76Met/ligand_first_pose_input.pdbqt	10_docking/mutant_redocking_v6_population_panel_pdbfixer/9_HRH4_toreforant_18_24468821_C_T_p.Thr76Met/wt_receptor.pdbqt	10_docking/mutant_redocking_v6_population_panel_pdbfixer/9_HRH4_toreforant_18_24468821_C_T_p.Thr76Met/mutant_receptor_pdbfixer.pdb	10_docking/mutant_redocking_v6_population_panel_pdbfixer/9_HRH4_toreforant_18_24468821_C_T_p.Thr76Met/mutant_receptor_pdbfixer.pdbqt	10_docking/mutant_redocking_v6_population_panel_pdbfixer/9_HRH4_toreforant_18_24468821_C_T_p.Thr76Met/wt_redocking_vina.log	10_docking/mutant_redocking_v6_population_panel_pdbfixer/9_HRH4_toreforant_18_24468821_C_T_p.Thr76Met/mutant_redocking_vina.log	10_docking/mutant_redocking_v6_population_panel_pdbfixer/9_HRH4_toreforant_18_24468821_C_T_p.Thr76Met
10	HRH4	toreforant	18:24477390:G:T	p.Gly334Val	GLY	VAL	334	R	R	334	GLY-334-VAL	ok					08_structures/experimental_templates/receptor_chain_pdb/HRH4_9JED_receptor_chain_R.pdb	10_docking/vina_runs/Round_1_primary_docking/HRH4/HRH4_9JED_HRH_LIG_0035_Round_1_primary_docking/docked_poses.pdbqt	scored_search_score_60	-7.455	-7.491	-0.036	mutant_stronger_predicted_binding	10_docking/mutant_redocking_v6_population_panel_pdbfixer/10_HRH4_toreforant_18_24477390_G_T_p.Gly334Val/ligand_first_pose_input.pdbqt	10_docking/mutant_redocking_v6_population_panel_pdbfixer/10_HRH4_toreforant_18_24477390_G_T_p.Gly334Val/wt_receptor.pdbqt	10_docking/mutant_redocking_v6_population_panel_pdbfixer/10_HRH4_toreforant_18_24477390_G_T_p.Gly334Val/mutant_receptor_pdbfixer.pdb	10_docking/mutant_redocking_v6_population_panel_pdbfixer/10_HRH4_toreforant_18_24477390_G_T_p.Gly334Val/mutant_receptor_pdbfixer.pdbqt	10_docking/mutant_redocking_v6_population_panel_pdbfixer/10_HRH4_toreforant_18_24477390_G_T_p.Gly334Val/wt_redocking_vina.log	10_docking/mutant_redocking_v6_population_panel_pdbfixer/10_HRH4_toreforant_18_24477390_G_T_p.Gly334Val/mutant_redocking_vina.log	10_docking/mutant_redocking_v6_population_panel_pdbfixer/10_HRH4_toreforant_18_24477390_G_T_p.Gly334Val
11	HRH4	toreforant	18:24477326:G:T	p.Ala313Ser	ALA	SER	313	R	R	313	ALA-313-SER	ok					08_structures/experimental_templates/receptor_chain_pdb_repaired_from_cif/HRH4_8YNA_receptor_chain_R_from_cif.pdb	10_docking/vina_runs/Round_1_primary_docking/HRH4/HRH4_8YNA_HRH_LIG_0001_Round_1_primary_docking/docked_poses.pdbqt	scored_search_score_60	-4.487	-4.481	0.006	mutant_weaker_predicted_binding	10_docking/mutant_redocking_v6_population_panel_pdbfixer/11_HRH4_toreforant_18_24477326_G_T_p.Ala313Ser/ligand_first_pose_input.pdbqt	10_docking/mutant_redocking_v6_population_panel_pdbfixer/11_HRH4_toreforant_18_24477326_G_T_p.Ala313Ser/wt_receptor.pdbqt	10_docking/mutant_redocking_v6_population_panel_pdbfixer/11_HRH4_toreforant_18_24477326_G_T_p.Ala313Ser/mutant_receptor_pdbfixer.pdb	10_docking/mutant_redocking_v6_population_panel_pdbfixer/11_HRH4_toreforant_18_24477326_G_T_p.Ala313Ser/mutant_receptor_pdbfixer.pdbqt	10_docking/mutant_redocking_v6_population_panel_pdbfixer/11_HRH4_toreforant_18_24477326_G_T_p.Ala313Ser/wt_redocking_vina.log	10_docking/mutant_redocking_v6_population_panel_pdbfixer/11_HRH4_toreforant_18_24477326_G_T_p.Ala313Ser/mutant_redocking_vina.log	10_docking/mutant_redocking_v6_population_panel_pdbfixer/11_HRH4_toreforant_18_24477326_G_T_p.Ala313Ser
13	HRH4	toreforant	18:24476922:C:T	p.Thr178Ile	THR	ILE	178	R	R	178	THR-178-ILE	ok					08_structures/experimental_templates/receptor_chain_pdb/HRH4_8JXV_receptor_chain_R.pdb	10_docking/vina_runs/Round_1_primary_docking/HRH4/HRH4_8JXV_HRH_LIG_0001_Round_1_primary_docking/docked_poses.pdbqt	scored_search_score_60	-4.226	-4.215	0.011	mutant_weaker_predicted_binding	10_docking/mutant_redocking_v6_population_panel_pdbfixer/13_HRH4_toreforant_18_24476922_C_T_p.Thr178Ile/ligand_first_pose_input.pdbqt	10_docking/mutant_redocking_v6_population_panel_pdbfixer/13_HRH4_toreforant_18_24476922_C_T_p.Thr178Ile/wt_receptor.pdbqt	10_docking/mutant_redocking_v6_population_panel_pdbfixer/13_HRH4_toreforant_18_24476922_C_T_p.Thr178Ile/mutant_receptor_pdbfixer.pdb	10_docking/mutant_redocking_v6_population_panel_pdbfixer/13_HRH4_toreforant_18_24476922_C_T_p.Thr178Ile/mutant_receptor_pdbfixer.pdbqt	10_docking/mutant_redocking_v6_population_panel_pdbfixer/13_HRH4_toreforant_18_24476922_C_T_p.Thr178Ile/wt_redocking_vina.log	10_docking/mutant_redocking_v6_population_panel_pdbfixer/13_HRH4_toreforant_18_24476922_C_T_p.Thr178Ile/mutant_redocking_vina.log	10_docking/mutant_redocking_v6_population_panel_pdbfixer/13_HRH4_toreforant_18_24476922_C_T_p.Thr178Ile
14	HRH4	JNJ7777120	18:24460903:A:G	p.Ile59Val	ILE	VAL	59	R	R	59	ILE-59-VAL	ok					08_structures/experimental_templates/receptor_chain_pdb/HRH4_8YN9_receptor_chain_R.pdb	10_docking/vina_runs/Round_1_primary_docking/HRH4/HRH4_8YN9_HRH_LIG_0035_Round_1_primary_docking/docked_poses.pdbqt	scored_search_score_60	-7.015	-5.241	1.774	mutant_weaker_predicted_binding	10_docking/mutant_redocking_v6_population_panel_pdbfixer/14_HRH4_JNJ7777120_18_24460903_A_G_p.Ile59Val/ligand_first_pose_input.pdbqt	10_docking/mutant_redocking_v6_population_panel_pdbfixer/14_HRH4_JNJ7777120_18_24460903_A_G_p.Ile59Val/wt_receptor.pdbqt	10_docking/mutant_redocking_v6_population_panel_pdbfixer/14_HRH4_JNJ7777120_18_24460903_A_G_p.Ile59Val/mutant_receptor_pdbfixer.pdb	10_docking/mutant_redocking_v6_population_panel_pdbfixer/14_HRH4_JNJ7777120_18_24460903_A_G_p.Ile59Val/mutant_receptor_pdbfixer.pdbqt	10_docking/mutant_redocking_v6_population_panel_pdbfixer/14_HRH4_JNJ7777120_18_24460903_A_G_p.Ile59Val/wt_redocking_vina.log	10_docking/mutant_redocking_v6_population_panel_pdbfixer/14_HRH4_JNJ7777120_18_24460903_A_G_p.Ile59Val/mutant_redocking_vina.log	10_docking/mutant_redocking_v6_population_panel_pdbfixer/14_HRH4_JNJ7777120_18_24460903_A_G_p.Ile59Val
15	HRH4	ZPL389	18:24460898:T:G	p.Leu57Trp	LEU	TRP	57	R	R	57	LEU-57-TRP	ok					08_structures/experimental_templates/receptor_chain_pdb/HRH4_8HOC_receptor_chain_R.pdb	10_docking/vina_runs/Round_1_primary_docking/HRH4/HRH4_8HOC_HRH_LIG_0035_Round_1_primary_docking/docked_poses.pdbqt	scored_search_score_60	-6.419	-6.419	0.000	no_predicted_affinity_difference	10_docking/mutant_redocking_v6_population_panel_pdbfixer/15_HRH4_ZPL389_18_24460898_T_G_p.Leu57Trp/ligand_first_pose_input.pdbqt	10_docking/mutant_redocking_v6_population_panel_pdbfixer/15_HRH4_ZPL389_18_24460898_T_G_p.Leu57Trp/wt_receptor.pdbqt	10_docking/mutant_redocking_v6_population_panel_pdbfixer/15_HRH4_ZPL389_18_24460898_T_G_p.Leu57Trp/mutant_receptor_pdbfixer.pdb	10_docking/mutant_redocking_v6_population_panel_pdbfixer/15_HRH4_ZPL389_18_24460898_T_G_p.Leu57Trp/mutant_receptor_pdbfixer.pdbqt	10_docking/mutant_redocking_v6_population_panel_pdbfixer/15_HRH4_ZPL389_18_24460898_T_G_p.Leu57Trp/wt_redocking_vina.log	10_docking/mutant_redocking_v6_population_panel_pdbfixer/15_HRH4_ZPL389_18_24460898_T_G_p.Leu57Trp/mutant_redocking_vina.log	10_docking/mutant_redocking_v6_population_panel_pdbfixer/15_HRH4_ZPL389_18_24460898_T_G_p.Leu57Trp
16	HRH4	JNJ7777120	18:24468821:C:T	p.Thr76Met	THR	MET	76	R	R	76	THR-76-MET	ok					08_structures/experimental_templates/receptor_chain_pdb/HRH4_8YN9_receptor_chain_R.pdb	10_docking/vina_runs/Round_1_primary_docking/HRH4/HRH4_8YN9_HRH_LIG_0035_Round_1_primary_docking/docked_poses.pdbqt	scored_search_score_60	-6.971	-7.097	-0.126	mutant_stronger_predicted_binding	10_docking/mutant_redocking_v6_population_panel_pdbfixer/16_HRH4_JNJ7777120_18_24468821_C_T_p.Thr76Met/ligand_first_pose_input.pdbqt	10_docking/mutant_redocking_v6_population_panel_pdbfixer/16_HRH4_JNJ7777120_18_24468821_C_T_p.Thr76Met/wt_receptor.pdbqt	10_docking/mutant_redocking_v6_population_panel_pdbfixer/16_HRH4_JNJ7777120_18_24468821_C_T_p.Thr76Met/mutant_receptor_pdbfixer.pdb	10_docking/mutant_redocking_v6_population_panel_pdbfixer/16_HRH4_JNJ7777120_18_24468821_C_T_p.Thr76Met/mutant_receptor_pdbfixer.pdbqt	10_docking/mutant_redocking_v6_population_panel_pdbfixer/16_HRH4_JNJ7777120_18_24468821_C_T_p.Thr76Met/wt_redocking_vina.log	10_docking/mutant_redocking_v6_population_panel_pdbfixer/16_HRH4_JNJ7777120_18_24468821_C_T_p.Thr76Met/mutant_redocking_vina.log	10_docking/mutant_redocking_v6_population_panel_pdbfixer/16_HRH4_JNJ7777120_18_24468821_C_T_p.Thr76Met
