variant_key	gene	source	motif_status	note
5:175709448:C:T	HRH2	14_manuscript/PLOS_ONE_revision_PONE-D-26-38698_20260918/07_corrected_analysis/R2-04_motif_indel_aware_v1/01_corrected_motif/HRH2_HRH4_regulatory_motif_disruption_scan_indel_aware_v1.tsv	true_motif_disruption	gene=HRH2 | variant_key=5:175709448:C:T | gtex_variant_id_b38=chr5_175709448_C_T_b38 | regulatory_deepening_score=8 | motif_disruption_priority=MotifTier_2_moderate_priority | motif_disruption_score=13 | has_any_motif_change=True | has_variant_overlapping_motif_change=True | changed_motif_group_counts=miRNA_seed_7mer:1 | lost_motifs=miRNA_seed_7mer:miR-34_family | lost_variant_overlapping_motifs=miRNA_seed_7mer:miR-34_family | ref_motif_summary=UTR_RBP_cis_element:C_rich_CCTCC:2;miRNA_seed_7mer:miR-34_family:1 | alt_motif_summary=UTR_RBP_cis_element:C_rich_CCTCC:2 | candidate_tier=RegTier_2_UTR | selected_hgvsc=ENST00000636584.2:c.*1477C>T | ccre_name=EH38E2434482
5:175709487:T:C	HRH2	14_manuscript/PLOS_ONE_revision_PONE-D-26-38698_20260918/07_corrected_analysis/R2-04_motif_indel_aware_v1/01_corrected_motif/HRH2_HRH4_regulatory_motif_disruption_scan_indel_aware_v1.tsv	true_motif_disruption	gene=HRH2 | variant_key=5:175709487:T:C | gtex_variant_id_b38=chr5_175709487_T_C_b38 | regulatory_deepening_score=11 | motif_disruption_priority=MotifTier_2_moderate_priority | motif_disruption_score=13 | has_any_motif_change=True | has_variant_overlapping_motif_change=True | changed_motif_group_counts=UTR_RBP_cis_element:3 | lost_motifs=UTR_RBP_cis_element:C_rich_CCCTC | gained_motifs=UTR_RBP_cis_element:C_rich_CCCTC;UTR_RBP_cis_element:C_rich_CCTCC | gained_variant_overlapping_motifs=UTR_RBP_cis_element:C_rich_CCCTC;UTR_RBP_cis_element:C_rich_CCTCC | ref_motif_summary=TF_cCRE_core_motif:Ebox_CAGCTG:1;UTR_RBP_cis_element:C_rich_CCCTC:1;UTR_RBP_cis_element:C_rich_CCTCC:1 | alt_motif_summary=TF_cCRE_core_motif:Ebox_CAGCTG:1;UTR_RBP_cis_element:C_rich_CCCTC:1;UTR_RBP_cis_element:C_rich_CCTCC:2 | candidate_tier=RegTier_2_UTR | selected_hgvsc=ENST00000636584.2:c.*1516T>C
5:175709501:TCTGCAGCTGCGTGC:T	HRH2	14_manuscript/PLOS_ONE_revision_PONE-D-26-38698_20260918/07_corrected_analysis/R2-04_motif_indel_aware_v1/01_corrected_motif/HRH2_HRH4_regulatory_motif_disruption_scan_indel_aware_v1.tsv	true_motif_disruption	gene=HRH2 | variant_key=5:175709501:TCTGCAGCTGCGTGC:T | gtex_variant_id_b38=chr5_175709501_TCTGCAGCTGCGTGC_T_b38 | regulatory_deepening_score=16 | motif_disruption_priority=MotifTier_1_high_priority | motif_disruption_score=15 | has_any_motif_change=True | has_variant_overlapping_motif_change=True | changed_motif_group_counts=TF_cCRE_core_motif:1 | lost_motifs=TF_cCRE_core_motif:Ebox_CAGCTG | lost_variant_overlapping_motifs=TF_cCRE_core_motif:Ebox_CAGCTG | ref_motif_summary=TF_cCRE_core_motif:Ebox_CAGCTG:2;UTR_RBP_cis_element:C_rich_CCCTC:1 | alt_motif_summary=TF_cCRE_core_motif:Ebox_CAGCTG:1;UTR_RBP_cis_element:C_rich_CCCTC:1 | candidate_tier=RegTier_1_high_priority | selected_hgvsc=ENST00000636584.2:c.*1549_*1562del | ccre_name=EH38E2434482
18:24478587:C:T	HRH4	14_manuscript/PLOS_ONE_revision_PONE-D-26-38698_20260918/07_corrected_analysis/R2-04_motif_indel_aware_v1/01_corrected_motif/HRH2_HRH4_regulatory_motif_disruption_scan_indel_aware_v1.tsv	true_motif_disruption	gene=HRH4 | variant_key=18:24478587:C:T | gtex_variant_id_b38=chr18_24478587_C_T_b38 | regulatory_deepening_score=10 | motif_disruption_priority=MotifTier_2_moderate_priority | motif_disruption_score=12 | has_any_motif_change=True | has_variant_overlapping_motif_change=True | changed_motif_group_counts=miRNA_seed_7mer:1 | gained_motifs=miRNA_seed_7mer:miR-150-5p | gained_variant_overlapping_motifs=miRNA_seed_7mer:miR-150-5p | alt_motif_summary=miRNA_seed_7mer:miR-150-5p:1 | candidate_tier=RegTier_1_high_priority | selected_hgvsc=ENST00000256906.5:c.*1025C>T
5:175709492:C:T	HRH2	14_manuscript/PLOS_ONE_revision_PONE-D-26-38698_20260918/07_corrected_analysis/R2-04_motif_indel_aware_v1/01_corrected_motif/HRH2_HRH4_regulatory_motif_disruption_scan_indel_aware_v1.tsv	true_motif_disruption	gene=HRH2 | variant_key=5:175709492:C:T | gtex_variant_id_b38=chr5_175709492_C_T_b38 | regulatory_deepening_score=8 | motif_disruption_priority=MotifTier_2_moderate_priority | motif_disruption_score=12 | has_any_motif_change=True | has_variant_overlapping_motif_change=True | changed_motif_group_counts=UTR_RBP_cis_element:1 | lost_motifs=UTR_RBP_cis_element:C_rich_CCCTC | lost_variant_overlapping_motifs=UTR_RBP_cis_element:C_rich_CCCTC | ref_motif_summary=TF_cCRE_core_motif:Ebox_CAGCTG:1;UTR_RBP_cis_element:C_rich_CCCTC:1 | alt_motif_summary=TF_cCRE_core_motif:Ebox_CAGCTG:1 | candidate_tier=RegTier_2_UTR | selected_hgvsc=ENST00000636584.2:c.*1521C>T | ccre_name=EH38E2434482
18:24477240:C:G	HRH4	14_manuscript/PLOS_ONE_revision_PONE-D-26-38698_20260918/07_corrected_analysis/R2-04_motif_indel_aware_v1/01_corrected_motif/HRH2_HRH4_regulatory_motif_disruption_scan_indel_aware_v1.tsv	true_motif_disruption	gene=HRH4 | variant_key=18:24477240:C:G | gtex_variant_id_b38=chr18_24477240_C_G_b38 | regulatory_deepening_score=7 | motif_disruption_priority=MotifTier_3_context_priority | motif_disruption_score=9 | has_any_motif_change=True | has_variant_overlapping_motif_change=True | changed_motif_group_counts=UTR_RBP_cis_element:1 | gained_motifs=UTR_RBP_cis_element:GU_rich_TGTGT | gained_variant_overlapping_motifs=UTR_RBP_cis_element:GU_rich_TGTGT | ref_motif_summary=miRNA_seed_7mer:miR-9-5p:1 | alt_motif_summary=UTR_RBP_cis_element:GU_rich_TGTGT:1;miRNA_seed_7mer:miR-9-5p:1 | selected_hgvsc=ENST00000256906.5:c.851C>G
5:175710214:C:T	HRH2	14_manuscript/PLOS_ONE_revision_PONE-D-26-38698_20260918/07_corrected_analysis/R2-04_motif_indel_aware_v1/01_corrected_motif/HRH2_HRH4_regulatory_motif_disruption_scan_indel_aware_v1.tsv	true_motif_disruption	gene=HRH2 | variant_key=5:175710214:C:T | gtex_variant_id_b38=chr5_175710214_C_T_b38 | regulatory_deepening_score=4 | motif_disruption_priority=MotifTier_3_context_priority | motif_disruption_score=9 | has_any_motif_change=True | has_variant_overlapping_motif_change=True | changed_motif_group_counts=miRNA_seed_7mer:1 | gained_motifs=miRNA_seed_7mer:miR-132-3p | gained_variant_overlapping_motifs=miRNA_seed_7mer:miR-132-3p | alt_motif_summary=miRNA_seed_7mer:miR-132-3p:1 | candidate_tier=RegTier_2_UTR | selected_hgvsc=ENST00000636584.2:c.*2243C>T
5:175683172:T:C	HRH2	14_manuscript/PLOS_ONE_revision_PONE-D-26-38698_20260918/07_corrected_analysis/R2-04_motif_indel_aware_v1/01_corrected_motif/HRH2_HRH4_regulatory_motif_disruption_scan_indel_aware_v1.tsv	true_motif_disruption	gene=HRH2 | variant_key=5:175683172:T:C | gtex_variant_id_b38=chr5_175683172_T_C_b38 | regulatory_deepening_score=3 | motif_disruption_priority=MotifTier_3_context_priority | motif_disruption_score=9 | has_any_motif_change=True | has_variant_overlapping_motif_change=True | changed_motif_group_counts=miRNA_seed_7mer:1 | lost_motifs=miRNA_seed_7mer:miR-150-5p | lost_variant_overlapping_motifs=miRNA_seed_7mer:miR-150-5p | ref_motif_summary=miRNA_seed_7mer:miR-150-5p:1 | candidate_tier=RegTier_2_UTR | selected_hgvsc=ENST00000636584.2:c.-62T>C
18:24479660:C:T	HRH4	14_manuscript/PLOS_ONE_revision_PONE-D-26-38698_20260918/07_corrected_analysis/R2-04_motif_indel_aware_v1/01_corrected_motif/HRH2_HRH4_regulatory_motif_disruption_scan_indel_aware_v1.tsv	true_motif_disruption	gene=HRH4 | variant_key=18:24479660:C:T | gtex_variant_id_b38=chr18_24479660_C_T_b38 | regulatory_deepening_score=4 | motif_disruption_priority=MotifTier_3_context_priority | motif_disruption_score=8 | has_any_motif_change=True | has_variant_overlapping_motif_change=True | changed_motif_group_counts=UTR_RBP_cis_element:1 | gained_motifs=UTR_RBP_cis_element:U_rich_TTTTT | gained_variant_overlapping_motifs=UTR_RBP_cis_element:U_rich_TTTTT | ref_motif_summary=UTR_RBP_cis_element:U_rich_TTTTT:1 | alt_motif_summary=UTR_RBP_cis_element:U_rich_TTTTT:2 | candidate_tier=RegTier_2_UTR | selected_hgvsc=ENST00000256906.5:c.*2098C>T
5:175709889:C:G	HRH2	14_manuscript/PLOS_ONE_revision_PONE-D-26-38698_20260918/07_corrected_analysis/R2-04_motif_indel_aware_v1/01_corrected_motif/HRH2_HRH4_regulatory_motif_disruption_scan_indel_aware_v1.tsv	true_motif_disruption	gene=HRH2 | variant_key=5:175709889:C:G | gtex_variant_id_b38=chr5_175709889_C_G_b38 | regulatory_deepening_score=4 | motif_disruption_priority=MotifTier_3_context_priority | motif_disruption_score=8 | has_any_motif_change=True | has_variant_overlapping_motif_change=True | changed_motif_group_counts=UTR_RBP_cis_element:1 | lost_motifs=UTR_RBP_cis_element:C_rich_CCCTC | lost_variant_overlapping_motifs=UTR_RBP_cis_element:C_rich_CCCTC | ref_motif_summary=UTR_RBP_cis_element:C_rich_CCCCC:1;UTR_RBP_cis_element:C_rich_CCCTC:1;UTR_RBP_cis_element:C_rich_CCTCC:2;UTR_RBP_cis_element:GU_rich_GTGTG:1;UTR_RBP_cis_element:GU_rich_TGTGT:1 | alt_motif_summary=UTR_RBP_cis_element:C_rich_CCCCC:1;UTR_RBP_cis_element:C_rich_CCTCC:2;UTR_RBP_cis_element:GU_rich_GTGTG:1;UTR_RBP_cis_element:GU_rich_TGTGT:1 | candidate_tier=RegTier_2_UTR | selected_hgvsc=ENST00000636584.2:c.*1918C>G
18:24477949:A:C	HRH4	14_manuscript/PLOS_ONE_revision_PONE-D-26-38698_20260918/07_corrected_analysis/R2-04_motif_indel_aware_v1/01_corrected_motif/HRH2_HRH4_regulatory_motif_disruption_scan_indel_aware_v1.tsv	true_motif_disruption	gene=HRH4 | variant_key=18:24477949:A:C | gtex_variant_id_b38=chr18_24477949_A_C_b38 | regulatory_deepening_score=4 | motif_disruption_priority=MotifTier_3_context_priority | motif_disruption_score=8 | has_any_motif_change=True | has_variant_overlapping_motif_change=True | changed_motif_group_counts=UTR_RBP_cis_element:1 | gained_motifs=UTR_RBP_cis_element:C_rich_CCCTC | gained_variant_overlapping_motifs=UTR_RBP_cis_element:C_rich_CCCTC | ref_motif_summary=UTR_RBP_cis_element:C_rich_CCTCC:1 | alt_motif_summary=UTR_RBP_cis_element:C_rich_CCCTC:1;UTR_RBP_cis_element:C_rich_CCTCC:1 | candidate_tier=RegTier_2_UTR | selected_hgvsc=ENST00000256906.5:c.*387A>C
18:24489429:T:G	HRH4	14_manuscript/PLOS_ONE_revision_PONE-D-26-38698_20260918/07_corrected_analysis/R2-04_motif_indel_aware_v1/01_corrected_motif/HRH2_HRH4_regulatory_motif_disruption_scan_indel_aware_v1.tsv	true_motif_disruption	gene=HRH4 | variant_key=18:24489429:T:G | gtex_variant_id_b38=chr18_24489429_T_G_b38 | regulatory_deepening_score=4 | motif_disruption_priority=MotifTier_3_context_priority | motif_disruption_score=8 | has_any_motif_change=True | has_variant_overlapping_motif_change=True | changed_motif_group_counts=UTR_RBP_cis_element:2 | lost_motifs=UTR_RBP_cis_element:GU_rich_TGTGT | gained_motifs=UTR_RBP_cis_element:GU_rich_TGTGT | lost_variant_overlapping_motifs=UTR_RBP_cis_element:GU_rich_TGTGT | ref_motif_summary=UTR_RBP_cis_element:GU_rich_GTGTG:4;UTR_RBP_cis_element:GU_rich_TGTGT:5 | alt_motif_summary=UTR_RBP_cis_element:GU_rich_GTGTG:4;UTR_RBP_cis_element:GU_rich_TGTGT:5
5:175682805:G:A	HRH2	14_manuscript/PLOS_ONE_revision_PONE-D-26-38698_20260918/07_corrected_analysis/R2-04_motif_indel_aware_v1/01_corrected_motif/HRH2_HRH4_regulatory_motif_disruption_scan_indel_aware_v1.tsv	true_motif_disruption	gene=HRH2 | variant_key=5:175682805:G:A | gtex_variant_id_b38=chr5_175682805_G_A_b38 | regulatory_deepening_score=3 | motif_disruption_priority=MotifTier_3_context_priority | motif_disruption_score=7 | has_any_motif_change=True | has_variant_overlapping_motif_change=True | changed_motif_group_counts=TF_cCRE_core_motif:1 | lost_motifs=TF_cCRE_core_motif:Ebox_CAGCTG | lost_variant_overlapping_motifs=TF_cCRE_core_motif:Ebox_CAGCTG | ref_motif_summary=TF_cCRE_core_motif:Ebox_CAGCTG:1 | candidate_tier=RegTier_2_UTR | selected_hgvsc=ENST00000636584.2:c.-429G>A
18:24496583:CT:C	HRH4	14_manuscript/PLOS_ONE_revision_PONE-D-26-38698_20260918/07_corrected_analysis/R2-04_motif_indel_aware_v1/01_corrected_motif/HRH2_HRH4_regulatory_motif_disruption_scan_indel_aware_v1.tsv	true_motif_disruption	gene=HRH4 | variant_key=18:24496583:CT:C | gtex_variant_id_b38=chr18_24496583_CT_C_b38 | regulatory_deepening_score=4 | motif_disruption_priority=MotifTier_3_context_priority | motif_disruption_score=8 | has_any_motif_change=True | has_variant_overlapping_motif_change=True | changed_motif_group_counts=UTR_RBP_cis_element:2 | lost_motifs=UTR_RBP_cis_element:U_rich_TTTTT | gained_motifs=UTR_RBP_cis_element:U_rich_TTTTT | lost_variant_overlapping_motifs=UTR_RBP_cis_element:U_rich_TTTTT | ref_motif_summary=UTR_RBP_cis_element:C_rich_CCTCC:1;UTR_RBP_cis_element:U_rich_TTTTT:1 | alt_motif_summary=UTR_RBP_cis_element:C_rich_CCTCC:1;UTR_RBP_cis_element:U_rich_TTTTT:1
