variant_key	gene	source	gtex_status	note
18:24456680:A:AT	HRH4	06_regulatory_genomics/gtex_eqtl_sqtl_lookup/HRH2_HRH4_GTEx_target_intersections_v1_v2_ncbi.tsv	true_gtex_intersection_or_hit	gene=HRH4 | variantId=chr18_24456680_A_AT_b38 | target_variant_key=18:24456680:A:AT | target_gtex_variant_id_b38=chr18_24456680_A_AT_b38 | tissue=Whole_Blood | pValue=5.72273e-32 | effect_or_nes=1.02702 | phenotype_or_gene=HRH4 | regulatory_deepening_score=3
18:24477856:C:T	HRH4	06_regulatory_genomics/gtex_eqtl_sqtl_lookup/HRH2_HRH4_GTEx_target_intersections_v1_v2_ncbi.tsv	true_gtex_intersection_or_hit	gene=HRH4 | variantId=chr18_24477856_C_T_b38 | target_variant_key=18:24477856:C:T | target_gtex_variant_id_b38=chr18_24477856_C_T_b38 | tissue=Whole_Blood | pValue=3.75833e-05 | effect_or_nes=-0.354365 | phenotype_or_gene=HRH4 | regulatory_deepening_score=10 | candidate_tier=RegTier_2_UTR | selected_hgvsc=ENST00000256906.5:c.*294C>T
18:24479130:C:T	HRH4	06_regulatory_genomics/gtex_eqtl_sqtl_lookup/HRH2_HRH4_GTEx_target_intersections_v1_v2_ncbi.tsv	true_gtex_intersection_or_hit	gene=HRH4 | variantId=chr18_24479130_C_T_b38 | target_variant_key=18:24479130:C:T | target_gtex_variant_id_b38=chr18_24479130_C_T_b38 | tissue=Whole_Blood | pValue=5.89998e-05 | effect_or_nes=-0.321483 | phenotype_or_gene=HRH4 | regulatory_deepening_score=4 | candidate_tier=RegTier_2_UTR | selected_hgvsc=ENST00000256906.5:c.*1568C>T
18:24479404:T:C	HRH4	06_regulatory_genomics/gtex_eqtl_sqtl_lookup/HRH2_HRH4_GTEx_target_intersections_v1_v2_ncbi.tsv	true_gtex_intersection_or_hit	gene=HRH4 | variantId=chr18_24479404_T_C_b38 | target_variant_key=18:24479404:T:C | target_gtex_variant_id_b38=chr18_24479404_T_C_b38 | tissue=Whole_Blood | pValue=1.59473e-29 | effect_or_nes=0.979996 | phenotype_or_gene=HRH4 | regulatory_deepening_score=10 | candidate_tier=RegTier_2_UTR | selected_hgvsc=ENST00000256906.5:c.*1842T>C
18:24479955:G:A	HRH4	06_regulatory_genomics/gtex_eqtl_sqtl_lookup/HRH2_HRH4_GTEx_target_intersections_v1_v2_ncbi.tsv	true_gtex_intersection_or_hit	gene=HRH4 | variantId=chr18_24479955_G_A_b38 | target_variant_key=18:24479955:G:A | target_gtex_variant_id_b38=chr18_24479955_G_A_b38 | tissue=Whole_Blood | pValue=7.50267e-05 | effect_or_nes=0.200863 | phenotype_or_gene=HRH4 | regulatory_deepening_score=14 | candidate_tier=RegTier_1_high_priority | selected_hgvsc=ENST00000256906.5:c.*2393G>A
18:24484048:G:A	HRH4	06_regulatory_genomics/gtex_eqtl_sqtl_lookup/HRH2_HRH4_GTEx_target_intersections_v1_v2_ncbi.tsv	true_gtex_intersection_or_hit	gene=HRH4 | variantId=chr18_24484048_G_A_b38 | target_variant_key=18:24484048:G:A | target_gtex_variant_id_b38=chr18_24484048_G_A_b38 | tissue=Whole_Blood | pValue=5.68456e-05 | effect_or_nes=0.215326 | phenotype_or_gene=HRH4 | regulatory_deepening_score=4
18:24487438:C:T	HRH4	06_regulatory_genomics/gtex_eqtl_sqtl_lookup/HRH2_HRH4_GTEx_target_intersections_v1_v2_ncbi.tsv	true_gtex_intersection_or_hit	gene=HRH4 | variantId=chr18_24487438_C_T_b38 | target_variant_key=18:24487438:C:T | target_gtex_variant_id_b38=chr18_24487438_C_T_b38 | tissue=Whole_Blood | pValue=1.47356e-07 | effect_or_nes=0.250089 | phenotype_or_gene=HRH4 | regulatory_deepening_score=4
18:24488989:T:TA	HRH4	06_regulatory_genomics/gtex_eqtl_sqtl_lookup/HRH2_HRH4_GTEx_target_intersections_v1_v2_ncbi.tsv	true_gtex_intersection_or_hit	gene=HRH4 | variantId=chr18_24488989_T_TA_b38 | target_variant_key=18:24488989:T:TA | target_gtex_variant_id_b38=chr18_24488989_T_TA_b38 | tissue=Whole_Blood | pValue=8.77247e-08 | effect_or_nes=0.255138 | phenotype_or_gene=HRH4 | regulatory_deepening_score=8 | ccre_class=pELS
18:24477856:C:T	HRH4	06_regulatory_genomics/gtex_eqtl_sqtl_lookup/HRH2_HRH4_GTEx_target_intersections_v1_v2_ncbi.tsv	true_gtex_intersection_or_hit	gene=HRH4 | variantId=chr18_24477856_C_T_b38 | target_variant_key=18:24477856:C:T | target_gtex_variant_id_b38=chr18_24477856_C_T_b38 | tissue=Nerve_Tibial | pValue=5.87311e-05 | effect_or_nes=-0.389292 | phenotype_or_gene=HRH4 | regulatory_deepening_score=10 | candidate_tier=RegTier_2_UTR | selected_hgvsc=ENST00000256906.5:c.*294C>T
18:24479130:C:T	HRH4	06_regulatory_genomics/gtex_eqtl_sqtl_lookup/HRH2_HRH4_GTEx_target_intersections_v1_v2_ncbi.tsv	true_gtex_intersection_or_hit	gene=HRH4 | variantId=chr18_24479130_C_T_b38 | target_variant_key=18:24479130:C:T | target_gtex_variant_id_b38=chr18_24479130_C_T_b38 | tissue=Nerve_Tibial | pValue=3.42715e-05 | effect_or_nes=-0.377808 | phenotype_or_gene=HRH4 | regulatory_deepening_score=4 | candidate_tier=RegTier_2_UTR | selected_hgvsc=ENST00000256906.5:c.*1568C>T
18:24456680:A:AT	HRH4	06_regulatory_genomics/gtex_eqtl_sqtl_lookup/HRH2_HRH4_GTEx_target_intersections_v1_v2_ncbi.tsv	true_gtex_intersection_or_hit	gene=HRH4 | variantId=chr18_24456680_A_AT_b38 | target_variant_key=18:24456680:A:AT | target_gtex_variant_id_b38=chr18_24456680_A_AT_b38 | tissue=Spleen | pValue=1.21523e-10 | effect_or_nes=0.96061 | phenotype_or_gene=HRH4 | regulatory_deepening_score=3
18:24479404:T:C	HRH4	06_regulatory_genomics/gtex_eqtl_sqtl_lookup/HRH2_HRH4_GTEx_target_intersections_v1_v2_ncbi.tsv	true_gtex_intersection_or_hit	gene=HRH4 | variantId=chr18_24479404_T_C_b38 | target_variant_key=18:24479404:T:C | target_gtex_variant_id_b38=chr18_24479404_T_C_b38 | tissue=Spleen | pValue=1.74227e-09 | effect_or_nes=0.920001 | phenotype_or_gene=HRH4 | regulatory_deepening_score=10 | candidate_tier=RegTier_2_UTR | selected_hgvsc=ENST00000256906.5:c.*1842T>C
18:24456373:C:T	HRH4	06_regulatory_genomics/gtex_eqtl_sqtl_lookup/HRH2_HRH4_GTEx_target_intersections_v1_v2_ncbi.tsv	true_gtex_intersection_or_hit	gene=HRH4 | variantId=chr18_24456373_C_T_b38 | target_variant_key=18:24456373:C:T | target_gtex_variant_id_b38=chr18_24456373_C_T_b38 | tissue=Esophagus_Muscularis | pValue=4.05666e-05 | effect_or_nes=-0.342684 | phenotype_or_gene=HRH4 | regulatory_deepening_score=3
18:24459908:C:T	HRH4	06_regulatory_genomics/gtex_eqtl_sqtl_lookup/HRH2_HRH4_GTEx_target_intersections_v1_v2_ncbi.tsv	true_gtex_intersection_or_hit	gene=HRH4 | variantId=chr18_24459908_C_T_b38 | target_variant_key=18:24459908:C:T | target_gtex_variant_id_b38=chr18_24459908_C_T_b38 | tissue=Esophagus_Muscularis | pValue=4.05666e-05 | effect_or_nes=-0.342684 | phenotype_or_gene=HRH4 | regulatory_deepening_score=7 | ccre_class=pELS
18:24477856:C:T	HRH4	06_regulatory_genomics/gtex_eqtl_sqtl_lookup/HRH2_HRH4_GTEx_target_intersections_v1_v2_ncbi.tsv	true_gtex_intersection_or_hit	gene=HRH4 | variantId=chr18_24477856_C_T_b38 | target_variant_key=18:24477856:C:T | target_gtex_variant_id_b38=chr18_24477856_C_T_b38 | tissue=Esophagus_Muscularis | pValue=1.78726e-05 | effect_or_nes=-0.37036 | phenotype_or_gene=HRH4 | regulatory_deepening_score=10 | candidate_tier=RegTier_2_UTR | selected_hgvsc=ENST00000256906.5:c.*294C>T
18:24479130:C:T	HRH4	06_regulatory_genomics/gtex_eqtl_sqtl_lookup/HRH2_HRH4_GTEx_target_intersections_v1_v2_ncbi.tsv	true_gtex_intersection_or_hit	gene=HRH4 | variantId=chr18_24479130_C_T_b38 | target_variant_key=18:24479130:C:T | target_gtex_variant_id_b38=chr18_24479130_C_T_b38 | tissue=Esophagus_Muscularis | pValue=3.87056e-07 | effect_or_nes=-0.40888 | phenotype_or_gene=HRH4 | regulatory_deepening_score=4 | candidate_tier=RegTier_2_UTR | selected_hgvsc=ENST00000256906.5:c.*1568C>T
18:24456680:A:AT	HRH4	06_regulatory_genomics/gtex_eqtl_sqtl_lookup/HRH2_HRH4_GTEx_target_intersections_v1_v2_ncbi.tsv	true_gtex_intersection_or_hit	gene=HRH4 | variantId=chr18_24456680_A_AT_b38 | target_variant_key=18:24456680:A:AT | target_gtex_variant_id_b38=chr18_24456680_A_AT_b38 | tissue=Lung | pValue=4.08683e-13 | effect_or_nes=0.763761 | phenotype_or_gene=HRH4 | regulatory_deepening_score=3
18:24479404:T:C	HRH4	06_regulatory_genomics/gtex_eqtl_sqtl_lookup/HRH2_HRH4_GTEx_target_intersections_v1_v2_ncbi.tsv	true_gtex_intersection_or_hit	gene=HRH4 | variantId=chr18_24479404_T_C_b38 | target_variant_key=18:24479404:T:C | target_gtex_variant_id_b38=chr18_24479404_T_C_b38 | tissue=Lung | pValue=3.23053e-11 | effect_or_nes=0.703392 | phenotype_or_gene=HRH4 | regulatory_deepening_score=10 | candidate_tier=RegTier_2_UTR | selected_hgvsc=ENST00000256906.5:c.*1842T>C
18:24484048:G:A	HRH4	06_regulatory_genomics/gtex_eqtl_sqtl_lookup/HRH2_HRH4_GTEx_target_intersections_v1_v2_ncbi.tsv	true_gtex_intersection_or_hit	gene=HRH4 | variantId=chr18_24484048_G_A_b38 | target_variant_key=18:24484048:G:A | target_gtex_variant_id_b38=chr18_24484048_G_A_b38 | tissue=Lung | pValue=1.14103e-05 | effect_or_nes=0.283922 | phenotype_or_gene=HRH4 | regulatory_deepening_score=4
18:24487438:C:T	HRH4	06_regulatory_genomics/gtex_eqtl_sqtl_lookup/HRH2_HRH4_GTEx_target_intersections_v1_v2_ncbi.tsv	true_gtex_intersection_or_hit	gene=HRH4 | variantId=chr18_24487438_C_T_b38 | target_variant_key=18:24487438:C:T | target_gtex_variant_id_b38=chr18_24487438_C_T_b38 | tissue=Lung | pValue=2.14657e-05 | effect_or_nes=0.242928 | phenotype_or_gene=HRH4 | regulatory_deepening_score=4
18:24488989:T:TA	HRH4	06_regulatory_genomics/gtex_eqtl_sqtl_lookup/HRH2_HRH4_GTEx_target_intersections_v1_v2_ncbi.tsv	true_gtex_intersection_or_hit	gene=HRH4 | variantId=chr18_24488989_T_TA_b38 | target_variant_key=18:24488989:T:TA | target_gtex_variant_id_b38=chr18_24488989_T_TA_b38 | tissue=Lung | pValue=4.67856e-05 | effect_or_nes=0.233662 | phenotype_or_gene=HRH4 | regulatory_deepening_score=8 | ccre_class=pELS
18:24496583:CT:C	HRH4	06_regulatory_genomics/gtex_eqtl_sqtl_lookup/HRH2_HRH4_GTEx_target_intersections_v1_v2_ncbi.tsv	true_gtex_intersection_or_hit	gene=HRH4 | variantId=chr18_24496583_CT_C_b38 | target_variant_key=18:24496583:CT:C | target_gtex_variant_id_b38=chr18_24496583_CT_C_b38 | tissue=Lung | pValue=2.37363e-05 | effect_or_nes=0.272823 | phenotype_or_gene=HRH4 | regulatory_deepening_score=4
