evidence_layer	candidate_variants	population_significant_variants_fdr_lt_0_05_delta_ge_0_10	gene_counts	example_variants
protein	67	5	HRH1:25;HRH2:10;HRH3:12;HRH4:20	18:24477006:A:G;18:24477240:C:G;18:24476802:C:T;3:11259079:G:A;3:11259094:G:C;3:11259101:A:G;3:11259191:G:A;3:11259195:G:A;3:11259236:G:A;3:11259272:G:A;3:11259465:G:A;3:11259560:C:T
splice	3	0	HRH1:2;HRH4:1	18:24468772:T:G;3:11144554:C:T;3:11258991:CTT:C
biogenesis_fate	60	3	HRH1:25;HRH2:4;HRH3:11;HRH4:20	18:24477006:A:G;18:24477240:C:G;18:24476802:C:T;3:11259079:G:A;3:11259094:G:C;3:11259101:A:G;3:11259191:G:A;3:11259195:G:A;3:11259236:G:A;3:11259272:G:A;3:11259465:G:A;3:11259560:C:T
motif_disruption_true	14	5	HRH2:8;HRH4:6	18:24477240:C:G;5:175709501:TCTGCAGCTGCGTGC:T;18:24496583:CT:C;5:175709448:C:T;5:175709487:T:C;5:175709492:C:T;18:24478587:C:T;18:24489429:T:G;5:175709889:C:G;5:175710214:C:T;18:24477949:A:C;18:24479660:C:T
motif_context_only	100	30	HRH2:55;HRH4:45	18:24459908:C:T;18:24477006:A:G;18:24488989:T:TA;5:175713714:T:A;5:175709515:C:T;18:24456373:C:T;18:24456680:A:AT;18:24479955:G:A;18:24484048:G:A;18:24487438:C:T;5:175682969:G:A;5:175708190:C:T
ccre	13	5	HRH2:11;HRH4:2	18:24459908:C:T;18:24488989:T:TA;5:175713714:T:A;5:175709501:TCTGCAGCTGCGTGC:T;5:175709515:C:T;5:175709428:G:A;5:175709448:C:T;5:175709487:T:C;5:175709488:C:G;5:175709492:C:T;5:175709613:C:A;5:175710562:G:A
gtex_true_hit	11	7	HRH4:11	18:24459908:C:T;18:24488989:T:TA;18:24456373:C:T;18:24456680:A:AT;18:24479955:G:A;18:24484048:G:A;18:24487438:C:T;18:24496583:CT:C;18:24477856:C:T;18:24479130:C:T;18:24479404:T:C
gtex_lookup_only	60	19	HRH2:30;HRH4:30	18:24459908:C:T;18:24477006:A:G;18:24477240:C:G;18:24488989:T:TA;5:175713714:T:A;5:175709501:TCTGCAGCTGCGTGC:T;5:175709515:C:T;18:24479955:G:A;5:175682969:G:A;5:175708190:C:T;5:175708313:G:A;5:175708517:A:T
ld_context	57	19	HRH1:3;HRH2:11;HRH3:9;HRH4:34	18:24459908:C:T;18:24488989:T:TA;5:175713714:T:A;18:24456373:C:T;18:24456680:A:AT;18:24484048:G:A;18:24487438:C:T;18:24496583:CT:C;5:175723892:C:T;5:175728707:T:C;5:175731650:G:A;5:175739603:C:T
docking_variant	60	3	HRH1:25;HRH2:4;HRH3:11;HRH4:20	18:24477006:A:G;18:24477240:C:G;18:24476802:C:T;3:11259079:G:A;3:11259094:G:C;3:11259101:A:G;3:11259191:G:A;3:11259195:G:A;3:11259236:G:A;3:11259272:G:A;3:11259465:G:A;3:11259560:C:T
population	1872	1794	HRH1:651;HRH2:343;HRH3:398;HRH4:480	18:24459908:C:T;18:24477006:A:G;18:24477240:C:G;18:24488989:T:TA;5:175713714:T:A;5:175709501:TCTGCAGCTGCGTGC:T;5:175709515:C:T;18:24456373:C:T;18:24456680:A:AT;18:24479955:G:A;18:24484048:G:A;18:24487438:C:T
regulatory_priority	1912	1791	HRH1:650;HRH2:386;HRH3:388;HRH4:488	18:24459908:C:T;18:24477006:A:G;18:24477240:C:G;18:24488989:T:TA;5:175713714:T:A;5:175709501:TCTGCAGCTGCGTGC:T;5:175709515:C:T;18:24456373:C:T;18:24456680:A:AT;18:24479955:G:A;18:24484048:G:A;18:24487438:C:T
